Generator No.,Pmin (MW),Pmax (MW),Qmin (MVAr),Qmax (MVAr),a,b,c,alpha,beta,gamma
1,50,200,,,0.00375,2,0,0.0126,-1.1,22.983
2,20,80,-20,100,0.0175,1.75,0,0.02,-0.1,25.313
3,15,50,-15,80,0.0625,1,0,0.027,-0.01,25.505
4,10,35,-15,60,0.00834,3.25,0,0.0291,-0.005,24.9
5,10,30,-10,50,0.025,3,0,0.029,-0.004,24.7
6,12,40,-15,60,0.025,3,0,0.0271,-0.0055,25.3
